ID,attack_type
TEST_0000,Benign
TEST_0001,Benign
TEST_0002,Benign
TEST_0003,Benign
TEST_0004,Benign
TEST_0005,Benign
TEST_0006,Benign
TEST_0007,Benign
TEST_0008,Benign
TEST_0009,Benign
TEST_0010,Benign
TEST_0011,Benign
TEST_0012,Benign
TEST_0013,Benign
TEST_0014,Benign
TEST_0015,Benign
TEST_0016,Benign
TEST_0017,Benign
TEST_0018,Benign
TEST_0019,Benign
TEST_0020,Benign
TEST_0021,Benign
TEST_0022,Benign
TEST_0023,Benign
TEST_0024,Benign
TEST_0025,Benign
TEST_0026,Benign
TEST_0027,Benign
TEST_0028,Benign
TEST_0029,Benign
TEST_0030,Benign
TEST_0031,Benign
TEST_0032,Benign
TEST_0033,Benign
TEST_0034,Benign
TEST_0035,Benign
TEST_0036,Benign
TEST_0037,Benign
TEST_0038,Benign
TEST_0039,Benign
TEST_0040,Benign
TEST_0041,Benign
TEST_0042,Benign
TEST_0043,Benign
TEST_0044,Benign
TEST_0045,Benign
TEST_0046,Benign
TEST_0047,Benign
TEST_0048,Benign
TEST_0049,Benign
TEST_0050,Benign
TEST_0051,Benign
TEST_0052,Benign
TEST_0053,Benign
TEST_0054,Benign
TEST_0055,Benign
TEST_0056,Benign
TEST_0057,Benign
TEST_0058,Benign
TEST_0059,Benign
TEST_0060,Benign
TEST_0061,Benign
TEST_0062,Benign
TEST_0063,Benign
TEST_0064,Benign
TEST_0065,Benign
TEST_0066,Benign
TEST_0067,Benign
TEST_0068,Benign
TEST_0069,Benign
TEST_0070,Benign
TEST_0071,Benign
TEST_0072,Benign
TEST_0073,Benign
TEST_0074,Benign
TEST_0075,Benign
TEST_0076,Benign
TEST_0077,Benign
TEST_0078,Benign
TEST_0079,Benign
TEST_0080,Benign
TEST_0081,Benign
TEST_0082,Benign
TEST_0083,Benign
TEST_0084,Benign
TEST_0085,Benign
TEST_0086,Benign
TEST_0087,Benign
TEST_0088,Benign
TEST_0089,Benign
TEST_0090,Benign
TEST_0091,Benign
TEST_0092,Benign
TEST_0093,Benign
TEST_0094,Benign
TEST_0095,Benign
TEST_0096,Benign
TEST_0097,Benign
TEST_0098,Benign
TEST_0099,Benign
TEST_0100,Benign
TEST_0101,Benign
TEST_0102,Benign
TEST_0103,Benign
TEST_0104,Benign
TEST_0105,Benign
TEST_0106,Benign
TEST_0107,Benign
TEST_0108,Benign
TEST_0109,Benign
TEST_0110,Benign
TEST_0111,Benign
TEST_0112,Benign
TEST_0113,Benign
TEST_0114,Benign
TEST_0115,Benign
TEST_0116,Benign
TEST_0117,Benign
TEST_0118,Benign
TEST_0119,Benign
TEST_0120,Benign
TEST_0121,Benign
TEST_0122,Benign
TEST_0123,Benign
TEST_0124,Benign
TEST_0125,Benign
TEST_0126,Benign
TEST_0127,Benign
TEST_0128,Benign
TEST_0129,Benign
TEST_0130,Benign
TEST_0131,Benign
TEST_0132,Benign
TEST_0133,Benign
TEST_0134,Benign
TEST_0135,Benign
TEST_0136,Benign
TEST_0137,Benign
TEST_0138,Benign
TEST_0139,Benign
TEST_0140,Benign
TEST_0141,Benign
TEST_0142,Benign
TEST_0143,Benign
TEST_0144,Benign
TEST_0145,Benign
TEST_0146,Benign
TEST_0147,Benign
TEST_0148,Benign
TEST_0149,Benign
TEST_0150,Benign
TEST_0151,Benign
TEST_0152,Benign
TEST_0153,Benign
TEST_0154,Benign
TEST_0155,Benign
TEST_0156,Benign
TEST_0157,Benign
TEST_0158,Benign
TEST_0159,Benign
TEST_0160,Benign
TEST_0161,Benign
TEST_0162,Benign
TEST_0163,Benign
TEST_0164,Benign
TEST_0165,Benign
TEST_0166,Benign
TEST_0167,Benign
TEST_0168,Benign
TEST_0169,Benign
TEST_0170,Benign
TEST_0171,Benign
TEST_0172,Benign
TEST_0173,Benign
TEST_0174,Benign
TEST_0175,Benign
TEST_0176,Benign
TEST_0177,Benign
TEST_0178,Benign
TEST_0179,Benign
TEST_0180,Benign
TEST_0181,Benign
TEST_0182,Benign
TEST_0183,Benign
TEST_0184,Benign
TEST_0185,Benign
TEST_0186,Benign
TEST_0187,Benign
TEST_0188,Benign
TEST_0189,Benign
TEST_0190,Benign
TEST_0191,Benign
TEST_0192,Benign
TEST_0193,Benign
TEST_0194,Benign
TEST_0195,Benign
TEST_0196,Benign
TEST_0197,Benign
TEST_0198,Benign
TEST_0199,Benign
TEST_0200,Benign
TEST_0201,Benign
TEST_0202,Benign
TEST_0203,Benign
TEST_0204,Benign
TEST_0205,Benign
TEST_0206,Benign
TEST_0207,Benign
TEST_0208,Benign
TEST_0209,Benign
TEST_0210,Benign
TEST_0211,Benign
TEST_0212,Benign
TEST_0213,Benign
TEST_0214,Benign
TEST_0215,Benign
TEST_0216,Benign
TEST_0217,Benign
TEST_0218,Benign
TEST_0219,Benign
TEST_0220,Benign
TEST_0221,Benign
TEST_0222,Benign
TEST_0223,Benign
TEST_0224,Benign
TEST_0225,Benign
TEST_0226,Benign
TEST_0227,Benign
TEST_0228,Benign
TEST_0229,Benign
TEST_0230,Benign
TEST_0231,Benign
TEST_0232,Benign
TEST_0233,Benign
TEST_0234,Benign
TEST_0235,Benign
TEST_0236,Benign
TEST_0237,Benign
TEST_0238,Benign
TEST_0239,Benign
TEST_0240,Benign
TEST_0241,Benign
TEST_0242,Benign
TEST_0243,Benign
TEST_0244,Benign
TEST_0245,Benign
TEST_0246,Benign
TEST_0247,Benign
TEST_0248,Benign
TEST_0249,Benign
TEST_0250,Benign
TEST_0251,Benign
TEST_0252,Benign
TEST_0253,Benign
TEST_0254,Benign
TEST_0255,Benign
TEST_0256,Benign
TEST_0257,Benign
TEST_0258,Benign
TEST_0259,Benign
TEST_0260,Benign
TEST_0261,Benign
TEST_0262,Benign
TEST_0263,Benign
TEST_0264,Benign
TEST_0265,Benign
TEST_0266,Benign
TEST_0267,Benign
TEST_0268,Benign
TEST_0269,Benign
TEST_0270,Benign
TEST_0271,Benign
TEST_0272,Benign
TEST_0273,Benign
TEST_0274,Benign
TEST_0275,Benign
TEST_0276,Benign
TEST_0277,Benign
TEST_0278,Benign
TEST_0279,Benign
TEST_0280,Benign
TEST_0281,Benign
TEST_0282,Benign
TEST_0283,Benign
TEST_0284,Benign
TEST_0285,Benign
TEST_0286,Benign
TEST_0287,Benign
TEST_0288,Benign
TEST_0289,Benign
TEST_0290,Benign
TEST_0291,Benign
TEST_0292,Benign
TEST_0293,Benign
TEST_0294,Benign
TEST_0295,Benign
TEST_0296,Benign
TEST_0297,Benign
TEST_0298,Benign
TEST_0299,Benign
TEST_0300,Benign
TEST_0301,Benign
TEST_0302,Benign
TEST_0303,Benign
TEST_0304,Benign
TEST_0305,Benign
TEST_0306,Benign
TEST_0307,Benign
TEST_0308,Benign
TEST_0309,Benign
TEST_0310,Benign
TEST_0311,Benign
TEST_0312,Benign
TEST_0313,Benign
TEST_0314,Benign
TEST_0315,Benign
TEST_0316,Benign
TEST_0317,Benign
TEST_0318,Benign
TEST_0319,Benign
TEST_0320,Benign
TEST_0321,Benign
TEST_0322,Benign
TEST_0323,Benign
TEST_0324,Benign
TEST_0325,Benign
TEST_0326,Benign
TEST_0327,Benign
TEST_0328,Benign
TEST_0329,Benign
TEST_0330,Benign
TEST_0331,Benign
TEST_0332,Benign
TEST_0333,Benign
TEST_0334,Benign
TEST_0335,Benign
TEST_0336,Benign
TEST_0337,Benign
TEST_0338,Benign
TEST_0339,Benign
TEST_0340,Benign
TEST_0341,Benign
TEST_0342,Benign
TEST_0343,Benign
TEST_0344,Benign
TEST_0345,Benign
TEST_0346,Benign
TEST_0347,Benign
TEST_0348,Benign
TEST_0349,Benign
TEST_0350,Benign
TEST_0351,Benign
TEST_0352,Benign
TEST_0353,Benign
TEST_0354,Benign
TEST_0355,Benign
TEST_0356,Benign
TEST_0357,Benign
TEST_0358,Benign
TEST_0359,Benign
TEST_0360,Benign
TEST_0361,Benign
TEST_0362,Benign
TEST_0363,Benign
TEST_0364,Benign
TEST_0365,Benign
TEST_0366,Benign
TEST_0367,Benign
TEST_0368,Benign
TEST_0369,Benign
TEST_0370,Benign
TEST_0371,Benign
TEST_0372,Benign
TEST_0373,Benign
TEST_0374,Benign
TEST_0375,Benign
TEST_0376,Benign
TEST_0377,Benign
TEST_0378,Benign
TEST_0379,Benign
TEST_0380,Benign
TEST_0381,Benign
TEST_0382,Benign
TEST_0383,Benign
TEST_0384,Benign
TEST_0385,Benign
TEST_0386,Benign
TEST_0387,Benign
TEST_0388,Benign
TEST_0389,Benign
TEST_0390,Benign
TEST_0391,Benign
TEST_0392,Benign
TEST_0393,Benign
TEST_0394,Benign
TEST_0395,Benign
TEST_0396,Benign
TEST_0397,Benign
TEST_0398,Benign
TEST_0399,Benign
TEST_0400,Benign
TEST_0401,Benign
TEST_0402,Benign
TEST_0403,Benign
TEST_0404,Benign
TEST_0405,Benign
TEST_0406,Benign
TEST_0407,Benign
TEST_0408,Benign
TEST_0409,Benign
TEST_0410,Benign
TEST_0411,Benign
TEST_0412,Benign
TEST_0413,Benign
TEST_0414,Benign
TEST_0415,Benign
TEST_0416,Benign
TEST_0417,Benign
TEST_0418,Benign
TEST_0419,Benign
TEST_0420,Benign
TEST_0421,Benign
TEST_0422,Benign
TEST_0423,Benign
TEST_0424,Benign
TEST_0425,Benign
TEST_0426,Benign
TEST_0427,Benign
TEST_0428,Benign
TEST_0429,Benign
TEST_0430,Benign
TEST_0431,Benign
TEST_0432,Benign
TEST_0433,Benign
TEST_0434,Benign
TEST_0435,Benign
TEST_0436,Benign
TEST_0437,Benign
TEST_0438,Benign
TEST_0439,Benign
TEST_0440,Benign
TEST_0441,Benign
TEST_0442,Benign
TEST_0443,Benign
TEST_0444,Benign
TEST_0445,Benign
TEST_0446,Benign
TEST_0447,Benign
TEST_0448,Benign
TEST_0449,Benign
TEST_0450,Benign
TEST_0451,Benign
TEST_0452,Benign
TEST_0453,Benign
TEST_0454,Benign
TEST_0455,Benign
TEST_0456,Benign
TEST_0457,Benign
TEST_0458,Benign
TEST_0459,Benign
TEST_0460,Benign
TEST_0461,Benign
TEST_0462,Benign
TEST_0463,Benign
TEST_0464,Benign
TEST_0465,Benign
TEST_0466,Benign
TEST_0467,Benign
TEST_0468,Benign
TEST_0469,Benign
TEST_0470,Benign
TEST_0471,Benign
TEST_0472,Benign
TEST_0473,Benign
TEST_0474,Benign
TEST_0475,Benign
TEST_0476,Benign
TEST_0477,Benign
TEST_0478,Benign
TEST_0479,Benign
TEST_0480,Benign
TEST_0481,Benign
TEST_0482,Benign
TEST_0483,Benign
TEST_0484,Benign
TEST_0485,Benign
TEST_0486,Benign
TEST_0487,Benign
TEST_0488,Benign
TEST_0489,Benign
TEST_0490,Benign
TEST_0491,Benign
TEST_0492,Benign
TEST_0493,Benign
TEST_0494,Benign
TEST_0495,Benign
TEST_0496,Benign
TEST_0497,Benign
TEST_0498,Benign
TEST_0499,Benign
TEST_0500,Benign
TEST_0501,Benign
TEST_0502,Benign
TEST_0503,Benign
TEST_0504,Benign
TEST_0505,Benign
TEST_0506,Benign
TEST_0507,Benign
TEST_0508,Benign
TEST_0509,Benign
TEST_0510,Benign
TEST_0511,Benign
TEST_0512,Benign
TEST_0513,Benign
TEST_0514,Benign
TEST_0515,Benign
TEST_0516,Benign
TEST_0517,Benign
TEST_0518,Benign
TEST_0519,Benign
TEST_0520,Benign
TEST_0521,Benign
TEST_0522,Benign
TEST_0523,Benign
TEST_0524,Benign
TEST_0525,Benign
TEST_0526,Benign
TEST_0527,Benign
TEST_0528,Benign
TEST_0529,Benign
TEST_0530,Benign
TEST_0531,Benign
TEST_0532,Benign
TEST_0533,Benign
TEST_0534,Benign
TEST_0535,Benign
TEST_0536,Benign
TEST_0537,Benign
TEST_0538,Benign
TEST_0539,Benign
TEST_0540,Benign
TEST_0541,Benign
TEST_0542,Benign
TEST_0543,Benign
TEST_0544,Benign
TEST_0545,Benign
TEST_0546,Benign
TEST_0547,Benign
TEST_0548,Benign
TEST_0549,Benign
TEST_0550,Benign
TEST_0551,Benign
TEST_0552,Benign
TEST_0553,Benign
TEST_0554,Benign
TEST_0555,Benign
TEST_0556,Benign
TEST_0557,Benign
TEST_0558,Benign
TEST_0559,Benign
TEST_0560,Benign
TEST_0561,Benign
TEST_0562,Benign
TEST_0563,Benign
TEST_0564,Benign
TEST_0565,Benign
TEST_0566,Benign
TEST_0567,Benign
TEST_0568,Benign
TEST_0569,Benign
TEST_0570,Benign
TEST_0571,Benign
TEST_0572,Benign
TEST_0573,Benign
TEST_0574,Benign
TEST_0575,Benign
TEST_0576,Benign
TEST_0577,Benign
TEST_0578,Benign
TEST_0579,Benign
TEST_0580,Benign
TEST_0581,Benign
TEST_0582,Benign
TEST_0583,Benign
TEST_0584,Benign
TEST_0585,Benign
TEST_0586,Benign
TEST_0587,Benign
TEST_0588,Benign
TEST_0589,Benign
TEST_0590,Benign
TEST_0591,Benign
TEST_0592,Benign
TEST_0593,Benign
TEST_0594,Benign
TEST_0595,Benign
TEST_0596,Benign
TEST_0597,Benign
TEST_0598,Benign
TEST_0599,Benign
TEST_0600,Benign
TEST_0601,Benign
TEST_0602,Benign
TEST_0603,Benign
TEST_0604,Benign
TEST_0605,Benign
TEST_0606,Benign
TEST_0607,Benign
TEST_0608,Benign
TEST_0609,Benign
TEST_0610,Benign
TEST_0611,Benign
TEST_0612,Benign
TEST_0613,Benign
TEST_0614,Benign
TEST_0615,Benign
TEST_0616,Benign
TEST_0617,Benign
TEST_0618,Benign
TEST_0619,Benign
TEST_0620,Benign
TEST_0621,Benign
TEST_0622,Benign
TEST_0623,Benign
TEST_0624,Benign
TEST_0625,Benign
TEST_0626,Benign
TEST_0627,Benign
TEST_0628,Benign
TEST_0629,Benign
TEST_0630,Benign
TEST_0631,Benign
TEST_0632,Benign
TEST_0633,Benign
TEST_0634,Benign
TEST_0635,Benign
TEST_0636,Benign
TEST_0637,Benign
TEST_0638,Benign
TEST_0639,Benign
TEST_0640,Benign
TEST_0641,Benign
TEST_0642,Benign
TEST_0643,Benign
TEST_0644,Benign
TEST_0645,Benign
TEST_0646,Benign
TEST_0647,Benign
TEST_0648,Benign
TEST_0649,Benign
TEST_0650,Benign
TEST_0651,Benign
TEST_0652,Benign
TEST_0653,Benign
TEST_0654,Benign
TEST_0655,Benign
TEST_0656,Benign
TEST_0657,Benign
TEST_0658,Benign
TEST_0659,Benign
TEST_0660,Benign
TEST_0661,Benign
TEST_0662,Benign
TEST_0663,Benign
TEST_0664,Benign
TEST_0665,Benign
TEST_0666,Benign
TEST_0667,Benign
TEST_0668,Benign
TEST_0669,Benign
TEST_0670,Benign
TEST_0671,Benign
TEST_0672,Benign
TEST_0673,Benign
TEST_0674,Benign
TEST_0675,Benign
TEST_0676,Benign
TEST_0677,Benign
TEST_0678,Benign
TEST_0679,Benign
TEST_0680,Benign
TEST_0681,Benign
TEST_0682,Benign
TEST_0683,Benign
TEST_0684,Benign
TEST_0685,Benign
TEST_0686,Benign
TEST_0687,Benign
TEST_0688,Benign
TEST_0689,Benign
TEST_0690,Benign
TEST_0691,Benign
TEST_0692,Benign
TEST_0693,Benign
TEST_0694,Benign
TEST_0695,Benign
TEST_0696,Benign
TEST_0697,Benign
TEST_0698,Benign
TEST_0699,Benign
TEST_0700,Benign
TEST_0701,Benign
TEST_0702,Benign
TEST_0703,Benign
TEST_0704,Benign
TEST_0705,Benign
TEST_0706,Benign
TEST_0707,Benign
TEST_0708,Benign
TEST_0709,Benign
TEST_0710,Benign
TEST_0711,Benign
TEST_0712,Benign
TEST_0713,Benign
TEST_0714,Benign
TEST_0715,Benign
TEST_0716,Benign
TEST_0717,Benign
TEST_0718,Benign
TEST_0719,Benign
TEST_0720,Benign
TEST_0721,Benign
TEST_0722,Benign
TEST_0723,Benign
TEST_0724,Benign
TEST_0725,Benign
TEST_0726,Benign
TEST_0727,Benign
TEST_0728,Benign
TEST_0729,Benign
TEST_0730,Benign
TEST_0731,Benign
TEST_0732,Benign
TEST_0733,Benign
TEST_0734,Benign
TEST_0735,Benign
TEST_0736,Benign
TEST_0737,Benign
TEST_0738,Benign
TEST_0739,Benign
TEST_0740,Benign
TEST_0741,Benign
TEST_0742,Benign
TEST_0743,Benign
TEST_0744,Benign
TEST_0745,Benign
TEST_0746,Benign
TEST_0747,Benign
TEST_0748,Benign
TEST_0749,Benign
TEST_0750,Benign
TEST_0751,Benign
TEST_0752,Benign
TEST_0753,Benign
TEST_0754,Benign
TEST_0755,Benign
TEST_0756,Benign
TEST_0757,Benign
TEST_0758,Benign
TEST_0759,Benign
TEST_0760,Benign
TEST_0761,Benign
TEST_0762,Benign
TEST_0763,Benign
TEST_0764,Benign
TEST_0765,Benign
TEST_0766,Benign
TEST_0767,Benign
TEST_0768,Benign
TEST_0769,Benign
TEST_0770,Benign
TEST_0771,Benign
TEST_0772,Benign
TEST_0773,Benign
TEST_0774,Benign
TEST_0775,Benign
TEST_0776,Benign
TEST_0777,Benign
TEST_0778,Benign
TEST_0779,Benign
TEST_0780,Benign
TEST_0781,Benign
TEST_0782,Benign
TEST_0783,Benign
TEST_0784,Benign
TEST_0785,Benign
TEST_0786,Benign
TEST_0787,Benign
TEST_0788,Benign
TEST_0789,Benign
TEST_0790,Benign
TEST_0791,Benign
TEST_0792,Benign
TEST_0793,Benign
TEST_0794,Benign
TEST_0795,Benign
TEST_0796,Benign
TEST_0797,Benign
TEST_0798,Benign
TEST_0799,Benign
TEST_0800,Benign
TEST_0801,Benign
TEST_0802,Benign
TEST_0803,Benign
TEST_0804,Benign
TEST_0805,Benign
TEST_0806,Benign
TEST_0807,Benign
TEST_0808,Benign
TEST_0809,Benign
TEST_0810,Benign
TEST_0811,Benign
TEST_0812,Benign
TEST_0813,Benign
TEST_0814,Benign
TEST_0815,Benign
TEST_0816,Benign
TEST_0817,Benign
TEST_0818,Benign
TEST_0819,Benign
TEST_0820,Benign
TEST_0821,Benign
TEST_0822,Benign
TEST_0823,Benign
TEST_0824,Benign
TEST_0825,Benign
TEST_0826,Benign
TEST_0827,Benign
TEST_0828,Benign
TEST_0829,Benign
TEST_0830,Benign
TEST_0831,Benign
TEST_0832,Benign
TEST_0833,Benign
TEST_0834,Benign
TEST_0835,Benign
TEST_0836,Benign
TEST_0837,Benign
TEST_0838,Benign
TEST_0839,Benign
TEST_0840,Benign
TEST_0841,Benign
TEST_0842,Benign
TEST_0843,Benign
TEST_0844,Benign
TEST_0845,Benign
TEST_0846,Benign
TEST_0847,Benign
TEST_0848,Benign
TEST_0849,Benign
TEST_0850,Benign
TEST_0851,Benign
TEST_0852,Benign
TEST_0853,Benign
TEST_0854,Benign
TEST_0855,Benign
TEST_0856,Benign
TEST_0857,Benign
TEST_0858,Benign
TEST_0859,Benign
TEST_0860,Benign
TEST_0861,Benign
TEST_0862,Benign
TEST_0863,Benign
TEST_0864,Benign
TEST_0865,Benign
TEST_0866,Benign
TEST_0867,Benign
TEST_0868,Benign
TEST_0869,Benign
TEST_0870,Benign
TEST_0871,Benign
TEST_0872,Benign
TEST_0873,Benign
TEST_0874,Benign
TEST_0875,Benign
TEST_0876,Benign
TEST_0877,Benign
TEST_0878,Benign
TEST_0879,Benign
TEST_0880,Benign
TEST_0881,Benign
TEST_0882,Benign
TEST_0883,Benign
TEST_0884,Benign
TEST_0885,Benign
TEST_0886,Benign
TEST_0887,Benign
TEST_0888,Benign
TEST_0889,Benign
TEST_0890,Benign
TEST_0891,Benign
TEST_0892,Benign
TEST_0893,Benign
TEST_0894,Benign
TEST_0895,Benign
TEST_0896,Benign
TEST_0897,Benign
TEST_0898,Benign
TEST_0899,Benign
TEST_0900,Benign
TEST_0901,Benign
TEST_0902,Benign
TEST_0903,Benign
TEST_0904,Benign
TEST_0905,Benign
TEST_0906,Benign
TEST_0907,Benign
TEST_0908,Benign
TEST_0909,Benign
TEST_0910,Benign
TEST_0911,Benign
TEST_0912,Benign
TEST_0913,Benign
TEST_0914,Benign
TEST_0915,Benign
TEST_0916,Benign
TEST_0917,Benign
TEST_0918,Benign
TEST_0919,Benign
TEST_0920,Benign
TEST_0921,Benign
TEST_0922,Benign
TEST_0923,Benign
TEST_0924,Benign
TEST_0925,Benign
TEST_0926,Benign
TEST_0927,Benign
TEST_0928,Benign
TEST_0929,Benign
TEST_0930,Benign
TEST_0931,Benign
TEST_0932,Benign
TEST_0933,Benign
TEST_0934,Benign
TEST_0935,Benign
TEST_0936,Benign
TEST_0937,Benign
TEST_0938,Benign
TEST_0939,Benign
TEST_0940,Benign
TEST_0941,Benign
TEST_0942,Benign
TEST_0943,Benign
TEST_0944,Benign
TEST_0945,Benign
TEST_0946,Benign
TEST_0947,Benign
TEST_0948,Benign
TEST_0949,Benign
TEST_0950,Benign
TEST_0951,Benign
TEST_0952,Benign
TEST_0953,Benign
TEST_0954,Benign
TEST_0955,Benign
TEST_0956,Benign
TEST_0957,Benign
TEST_0958,Benign
TEST_0959,Benign
TEST_0960,Benign
TEST_0961,Benign
TEST_0962,Benign
TEST_0963,Benign
TEST_0964,Benign
TEST_0965,Benign
TEST_0966,Benign
TEST_0967,Benign
TEST_0968,Benign
TEST_0969,Benign
TEST_0970,Benign
TEST_0971,Benign
TEST_0972,Benign
TEST_0973,Benign
TEST_0974,Benign
TEST_0975,Benign
TEST_0976,Benign
TEST_0977,Benign
TEST_0978,Benign
TEST_0979,Benign
TEST_0980,Benign
TEST_0981,Benign
TEST_0982,Benign
TEST_0983,Benign
TEST_0984,Benign
TEST_0985,Benign
TEST_0986,Benign
TEST_0987,Benign
TEST_0988,Benign
TEST_0989,Benign
TEST_0990,Benign
TEST_0991,Benign
TEST_0992,Benign
TEST_0993,Benign
TEST_0994,Benign
TEST_0995,Benign
TEST_0996,Benign
TEST_0997,Benign
TEST_0998,Benign
TEST_0999,Benign
TEST_1000,Benign
TEST_1001,Benign
TEST_1002,Benign
TEST_1003,Benign
TEST_1004,Benign
TEST_1005,Benign
TEST_1006,Benign
TEST_1007,Benign
TEST_1008,Benign
TEST_1009,Benign
TEST_1010,Benign
TEST_1011,Benign
TEST_1012,Benign
TEST_1013,Benign
TEST_1014,Benign
TEST_1015,Benign
TEST_1016,Benign
TEST_1017,Benign
TEST_1018,Benign
TEST_1019,Benign
TEST_1020,Benign
TEST_1021,Benign
TEST_1022,Benign
TEST_1023,Benign
TEST_1024,Benign
TEST_1025,Benign
TEST_1026,Benign
TEST_1027,Benign
TEST_1028,Benign
TEST_1029,Benign
TEST_1030,Benign
TEST_1031,Benign
TEST_1032,Benign
TEST_1033,Benign
TEST_1034,Benign
TEST_1035,Benign
TEST_1036,Benign
TEST_1037,Benign
TEST_1038,Benign
TEST_1039,Benign
TEST_1040,Benign
TEST_1041,Benign
TEST_1042,Benign
TEST_1043,Benign
TEST_1044,Benign
TEST_1045,Benign
TEST_1046,Benign
TEST_1047,Benign
TEST_1048,Benign
TEST_1049,Benign
TEST_1050,Benign
TEST_1051,Benign
TEST_1052,Benign
TEST_1053,Benign
TEST_1054,Benign
TEST_1055,Benign
TEST_1056,Benign
TEST_1057,Benign
TEST_1058,Benign
TEST_1059,Benign
TEST_1060,Benign
TEST_1061,Benign
TEST_1062,Benign
TEST_1063,Benign
TEST_1064,Benign
TEST_1065,Benign
TEST_1066,Benign
TEST_1067,Benign
TEST_1068,Benign
TEST_1069,Benign
TEST_1070,Benign
TEST_1071,Benign
TEST_1072,Benign
TEST_1073,Benign
TEST_1074,Benign
TEST_1075,Benign
TEST_1076,Benign
TEST_1077,Benign
TEST_1078,Benign
TEST_1079,Benign
TEST_1080,Benign
TEST_1081,Benign
TEST_1082,Benign
TEST_1083,Benign
TEST_1084,Benign
TEST_1085,Benign
TEST_1086,Benign
TEST_1087,Benign
TEST_1088,Benign
TEST_1089,Benign
TEST_1090,Benign
TEST_1091,Benign
TEST_1092,Benign
TEST_1093,Benign
TEST_1094,Benign
TEST_1095,Benign
TEST_1096,Benign
TEST_1097,Benign
TEST_1098,Benign
TEST_1099,Benign
TEST_1100,Benign
TEST_1101,Benign
TEST_1102,Benign
TEST_1103,Benign
TEST_1104,Benign
TEST_1105,Benign
TEST_1106,Benign
TEST_1107,Benign
TEST_1108,Benign
TEST_1109,Benign
TEST_1110,Benign
TEST_1111,Benign
TEST_1112,Benign
TEST_1113,Benign
TEST_1114,Benign
TEST_1115,Benign
TEST_1116,Benign
TEST_1117,Benign
TEST_1118,Benign
TEST_1119,Benign
TEST_1120,Benign
TEST_1121,Benign
TEST_1122,Benign
TEST_1123,Benign
TEST_1124,Benign
TEST_1125,Benign
TEST_1126,Benign
TEST_1127,Benign
TEST_1128,Benign
TEST_1129,Benign
TEST_1130,Benign
TEST_1131,Benign
TEST_1132,Benign
TEST_1133,Benign
TEST_1134,Benign
TEST_1135,Benign
TEST_1136,Benign
TEST_1137,Benign
TEST_1138,Benign
TEST_1139,Benign
TEST_1140,Benign
TEST_1141,Benign
TEST_1142,Benign
TEST_1143,Benign
TEST_1144,Benign
TEST_1145,Benign
TEST_1146,Benign
TEST_1147,Benign
TEST_1148,Benign
TEST_1149,Benign
TEST_1150,Benign
TEST_1151,Benign
TEST_1152,Benign
TEST_1153,Benign
TEST_1154,Benign
TEST_1155,Benign
TEST_1156,Benign
TEST_1157,Benign
TEST_1158,Benign
TEST_1159,Benign
TEST_1160,Benign
TEST_1161,Benign
TEST_1162,Benign
TEST_1163,Benign
TEST_1164,Benign
TEST_1165,Benign
TEST_1166,Benign
TEST_1167,Benign
TEST_1168,Benign
TEST_1169,Benign
TEST_1170,Benign
TEST_1171,Benign
TEST_1172,Benign
TEST_1173,Benign
TEST_1174,Benign
TEST_1175,Benign
TEST_1176,Benign
TEST_1177,Benign
TEST_1178,Benign
TEST_1179,Benign
TEST_1180,Benign
TEST_1181,Benign
TEST_1182,Benign
TEST_1183,Benign
TEST_1184,Benign
TEST_1185,Benign
TEST_1186,Benign
TEST_1187,Benign
TEST_1188,Benign
TEST_1189,Benign
TEST_1190,Benign
TEST_1191,Benign
TEST_1192,Benign
TEST_1193,Benign
TEST_1194,Benign
TEST_1195,Benign
TEST_1196,Benign
TEST_1197,Benign
TEST_1198,Benign
TEST_1199,Benign
TEST_1200,Benign
TEST_1201,Benign
TEST_1202,Benign
TEST_1203,Benign
TEST_1204,Benign
TEST_1205,Benign
TEST_1206,Benign
TEST_1207,Benign
TEST_1208,Benign
TEST_1209,Benign
TEST_1210,Benign
TEST_1211,Benign
TEST_1212,Benign
TEST_1213,Benign
TEST_1214,Benign
TEST_1215,Benign
TEST_1216,Benign
TEST_1217,Benign
TEST_1218,Benign
TEST_1219,Benign
TEST_1220,Benign
TEST_1221,Benign
TEST_1222,Benign
TEST_1223,Benign
TEST_1224,Benign
TEST_1225,Benign
TEST_1226,Benign
TEST_1227,Benign
TEST_1228,Benign
TEST_1229,Benign
TEST_1230,Benign
TEST_1231,Benign
TEST_1232,Benign
TEST_1233,Benign
TEST_1234,Benign
TEST_1235,Benign
TEST_1236,Benign
TEST_1237,Benign
TEST_1238,Benign
TEST_1239,Benign
TEST_1240,Benign
TEST_1241,Benign
TEST_1242,Benign
TEST_1243,Benign
TEST_1244,Benign
TEST_1245,Benign
TEST_1246,Benign
TEST_1247,Benign
TEST_1248,Benign
TEST_1249,Benign
TEST_1250,Benign
TEST_1251,Benign
TEST_1252,Benign
TEST_1253,Benign
TEST_1254,Benign
TEST_1255,Benign
TEST_1256,Benign
TEST_1257,Benign
TEST_1258,Benign
TEST_1259,Benign
TEST_1260,Benign
TEST_1261,Benign
TEST_1262,Benign
TEST_1263,Benign
TEST_1264,Benign
TEST_1265,Benign
TEST_1266,Benign
TEST_1267,Benign
TEST_1268,Benign
TEST_1269,Benign
TEST_1270,Benign
TEST_1271,Benign
TEST_1272,Benign
TEST_1273,Benign
TEST_1274,Benign
TEST_1275,Benign
TEST_1276,Benign
TEST_1277,Benign
TEST_1278,Benign
TEST_1279,Benign
TEST_1280,Benign
TEST_1281,Benign
TEST_1282,Benign
TEST_1283,Benign
TEST_1284,Benign
TEST_1285,Benign
TEST_1286,Benign
TEST_1287,Benign
TEST_1288,Benign
TEST_1289,Benign
TEST_1290,Benign
TEST_1291,Benign
TEST_1292,Benign
TEST_1293,Benign
TEST_1294,Benign
TEST_1295,Benign
TEST_1296,Benign
TEST_1297,Benign
TEST_1298,Benign
TEST_1299,Benign
TEST_1300,Benign
TEST_1301,Benign
TEST_1302,Benign
TEST_1303,Benign
TEST_1304,Benign
TEST_1305,Benign
TEST_1306,Benign
TEST_1307,Benign
TEST_1308,Benign
TEST_1309,Benign
TEST_1310,Benign
TEST_1311,Benign
TEST_1312,Benign
TEST_1313,Benign
TEST_1314,Benign
TEST_1315,Benign
TEST_1316,Benign
TEST_1317,Benign
TEST_1318,Benign
TEST_1319,Benign
TEST_1320,Benign
TEST_1321,Benign
TEST_1322,Benign
TEST_1323,Benign
TEST_1324,Benign
TEST_1325,Benign
TEST_1326,Benign
TEST_1327,Benign
TEST_1328,Benign
TEST_1329,Benign
TEST_1330,Benign
TEST_1331,Benign
TEST_1332,Benign
TEST_1333,Benign
TEST_1334,Benign
TEST_1335,Benign
TEST_1336,Benign
TEST_1337,Benign
TEST_1338,Benign
TEST_1339,Benign
TEST_1340,Benign
TEST_1341,Benign
TEST_1342,Benign
TEST_1343,Benign
TEST_1344,Benign
TEST_1345,Benign
TEST_1346,Benign
TEST_1347,Benign
TEST_1348,Benign
TEST_1349,Benign
TEST_1350,Benign
TEST_1351,Benign
TEST_1352,Benign
TEST_1353,Benign
TEST_1354,Benign
TEST_1355,Benign
TEST_1356,Benign
TEST_1357,Benign
TEST_1358,Benign
TEST_1359,Benign
TEST_1360,Benign
TEST_1361,Benign
TEST_1362,Benign
TEST_1363,Benign
TEST_1364,Benign
TEST_1365,Benign
TEST_1366,Benign
TEST_1367,Benign
TEST_1368,Benign
TEST_1369,Benign
TEST_1370,Benign
TEST_1371,Benign
TEST_1372,Benign
TEST_1373,Benign
TEST_1374,Benign
TEST_1375,Benign
TEST_1376,Benign
TEST_1377,Benign
TEST_1378,Benign
TEST_1379,Benign
TEST_1380,Benign
TEST_1381,Benign
TEST_1382,Benign
TEST_1383,Benign
TEST_1384,Benign
TEST_1385,Benign
TEST_1386,Benign
TEST_1387,Benign
TEST_1388,Benign
TEST_1389,Benign
TEST_1390,Benign
TEST_1391,Benign
TEST_1392,Benign
TEST_1393,Benign
TEST_1394,Benign
TEST_1395,Benign
TEST_1396,Benign
TEST_1397,Benign
TEST_1398,Benign
TEST_1399,Benign
TEST_1400,Benign
TEST_1401,Benign
TEST_1402,Benign
TEST_1403,Benign
TEST_1404,Benign
TEST_1405,Benign
TEST_1406,Benign
TEST_1407,Benign
TEST_1408,Benign
TEST_1409,Benign
TEST_1410,Benign
TEST_1411,Benign
TEST_1412,Benign
TEST_1413,Benign
TEST_1414,Benign
TEST_1415,Benign
TEST_1416,Benign
TEST_1417,Benign
TEST_1418,Benign
TEST_1419,Benign
TEST_1420,Benign
TEST_1421,Benign
TEST_1422,Benign
TEST_1423,Benign
TEST_1424,Benign
TEST_1425,Benign
TEST_1426,Benign
TEST_1427,Benign
TEST_1428,Benign
TEST_1429,Benign
TEST_1430,Benign
TEST_1431,Benign
TEST_1432,Benign
TEST_1433,Benign
TEST_1434,Benign
TEST_1435,Benign
TEST_1436,Benign
TEST_1437,Benign
TEST_1438,Benign
TEST_1439,Benign
TEST_1440,Benign
TEST_1441,Benign
TEST_1442,Benign
TEST_1443,Benign
TEST_1444,Benign
TEST_1445,Benign
TEST_1446,Benign
TEST_1447,Benign
TEST_1448,Benign
TEST_1449,Benign
TEST_1450,Benign
TEST_1451,Benign
TEST_1452,Benign
TEST_1453,Benign
TEST_1454,Benign
TEST_1455,Benign
TEST_1456,Benign
TEST_1457,Benign
TEST_1458,Benign
TEST_1459,Benign
TEST_1460,Benign
TEST_1461,Benign
TEST_1462,Benign
TEST_1463,Benign
TEST_1464,Benign
TEST_1465,Benign
TEST_1466,Benign
TEST_1467,Benign
TEST_1468,Benign
TEST_1469,Benign
TEST_1470,Benign
TEST_1471,Benign
TEST_1472,Benign
TEST_1473,Benign
TEST_1474,Benign
TEST_1475,Benign
TEST_1476,Benign
TEST_1477,Benign
TEST_1478,Benign
TEST_1479,Benign
TEST_1480,Benign
TEST_1481,Benign
TEST_1482,Benign
TEST_1483,Benign
TEST_1484,Benign
TEST_1485,Benign
TEST_1486,Benign
TEST_1487,Benign
TEST_1488,Benign
TEST_1489,Benign
TEST_1490,Benign
TEST_1491,Benign
TEST_1492,Benign
TEST_1493,Benign
TEST_1494,Benign
TEST_1495,Benign
TEST_1496,Benign
TEST_1497,Benign
TEST_1498,Benign
TEST_1499,Benign
TEST_1500,Benign
TEST_1501,Benign
TEST_1502,Benign
TEST_1503,Benign
TEST_1504,Benign
TEST_1505,Benign
TEST_1506,Benign
TEST_1507,Benign
TEST_1508,Benign
TEST_1509,Benign
TEST_1510,Benign
TEST_1511,Benign
TEST_1512,Benign
TEST_1513,Benign
TEST_1514,Benign
TEST_1515,Benign
TEST_1516,Benign
TEST_1517,Benign
TEST_1518,Benign
TEST_1519,Benign
TEST_1520,Benign
TEST_1521,Benign
TEST_1522,Benign
TEST_1523,Benign
TEST_1524,Benign
TEST_1525,Benign
TEST_1526,Benign
TEST_1527,Benign
TEST_1528,Benign
TEST_1529,Benign
TEST_1530,Benign
TEST_1531,Benign
TEST_1532,Benign
TEST_1533,Benign
TEST_1534,Benign
TEST_1535,Benign
TEST_1536,Benign
TEST_1537,Benign
TEST_1538,Benign
TEST_1539,Benign
TEST_1540,Benign
TEST_1541,Benign
TEST_1542,Benign
TEST_1543,Benign
TEST_1544,Benign
TEST_1545,Benign
TEST_1546,Benign
TEST_1547,Benign
TEST_1548,Benign
TEST_1549,Benign
TEST_1550,Benign
TEST_1551,Benign
TEST_1552,Benign
TEST_1553,Benign
TEST_1554,Benign
TEST_1555,Benign
TEST_1556,Benign
TEST_1557,Benign
TEST_1558,Benign
TEST_1559,Benign
TEST_1560,Benign
TEST_1561,Benign
TEST_1562,Benign
TEST_1563,Benign
TEST_1564,Benign
TEST_1565,Benign
TEST_1566,Benign
TEST_1567,Benign
TEST_1568,Benign
TEST_1569,Benign
TEST_1570,Benign
TEST_1571,Benign
TEST_1572,Benign
TEST_1573,Benign
TEST_1574,Benign
TEST_1575,Benign
TEST_1576,Benign
TEST_1577,Benign
TEST_1578,Benign
TEST_1579,Benign
TEST_1580,Benign
TEST_1581,Benign
TEST_1582,Benign
TEST_1583,Benign
TEST_1584,Benign
TEST_1585,Benign
TEST_1586,Benign
TEST_1587,Benign
TEST_1588,Benign
TEST_1589,Benign
TEST_1590,Benign
TEST_1591,Benign
TEST_1592,Benign
TEST_1593,Benign
TEST_1594,Benign
TEST_1595,Benign
TEST_1596,Benign
TEST_1597,Benign
TEST_1598,Benign
TEST_1599,Benign
TEST_1600,Benign
TEST_1601,Benign
TEST_1602,Benign
TEST_1603,Benign
TEST_1604,Benign
TEST_1605,Benign
TEST_1606,Benign
TEST_1607,Benign
TEST_1608,Benign
TEST_1609,Benign
TEST_1610,Benign
TEST_1611,Benign
TEST_1612,Benign
TEST_1613,Benign
TEST_1614,Benign
TEST_1615,Benign
TEST_1616,Benign
TEST_1617,Benign
TEST_1618,Benign
TEST_1619,Benign
TEST_1620,Benign
TEST_1621,Benign
TEST_1622,Benign
TEST_1623,Benign
TEST_1624,Benign
TEST_1625,Benign
TEST_1626,Benign
TEST_1627,Benign
TEST_1628,Benign
TEST_1629,Benign
TEST_1630,Benign
TEST_1631,Benign
TEST_1632,Benign
TEST_1633,Benign
TEST_1634,Benign
TEST_1635,Benign
TEST_1636,Benign
TEST_1637,Benign
TEST_1638,Benign
TEST_1639,Benign
TEST_1640,Benign
TEST_1641,Benign
TEST_1642,Benign
TEST_1643,Benign
TEST_1644,Benign
TEST_1645,Benign
TEST_1646,Benign
TEST_1647,Benign
TEST_1648,Benign
TEST_1649,Benign
TEST_1650,Benign
TEST_1651,Benign
TEST_1652,Benign
TEST_1653,Benign
TEST_1654,Benign
TEST_1655,Benign
TEST_1656,Benign
TEST_1657,Benign
TEST_1658,Benign
TEST_1659,Benign
TEST_1660,Benign
TEST_1661,Benign
TEST_1662,Benign
TEST_1663,Benign
TEST_1664,Benign
TEST_1665,Benign
TEST_1666,Benign
TEST_1667,Benign
TEST_1668,Benign
TEST_1669,Benign
TEST_1670,Benign
TEST_1671,Benign
TEST_1672,Benign
TEST_1673,Benign
TEST_1674,Benign
TEST_1675,Benign
TEST_1676,Benign
TEST_1677,Benign
TEST_1678,Benign
TEST_1679,Benign
TEST_1680,Benign
TEST_1681,Benign
TEST_1682,Benign
TEST_1683,Benign
TEST_1684,Benign
TEST_1685,Benign
TEST_1686,Benign
TEST_1687,Benign
TEST_1688,Benign
TEST_1689,Benign
TEST_1690,Benign
TEST_1691,Benign
TEST_1692,Benign
TEST_1693,Benign
TEST_1694,Benign
TEST_1695,Benign
TEST_1696,Benign
TEST_1697,Benign
TEST_1698,Benign
TEST_1699,Benign
TEST_1700,Benign
TEST_1701,Benign
TEST_1702,Benign
TEST_1703,Benign
TEST_1704,Benign
TEST_1705,Benign
TEST_1706,Benign
TEST_1707,Benign
TEST_1708,Benign
TEST_1709,Benign
TEST_1710,Benign
TEST_1711,Benign
TEST_1712,Benign
TEST_1713,Benign
TEST_1714,Benign
TEST_1715,Benign
TEST_1716,Benign
TEST_1717,Benign
TEST_1718,Benign
TEST_1719,Benign
TEST_1720,Benign
TEST_1721,Benign
TEST_1722,Benign
TEST_1723,Benign
TEST_1724,Benign
TEST_1725,Benign
TEST_1726,Benign
TEST_1727,Benign
TEST_1728,Benign
TEST_1729,Benign
TEST_1730,Benign
TEST_1731,Benign
TEST_1732,Benign
TEST_1733,Benign
TEST_1734,Benign
TEST_1735,Benign
TEST_1736,Benign
TEST_1737,Benign
TEST_1738,Benign
TEST_1739,Benign
TEST_1740,Benign
TEST_1741,Benign
TEST_1742,Benign
TEST_1743,Benign
TEST_1744,Benign
TEST_1745,Benign
TEST_1746,Benign
TEST_1747,Benign
TEST_1748,Benign
TEST_1749,Benign
TEST_1750,Benign
TEST_1751,Benign
TEST_1752,Benign
TEST_1753,Benign
TEST_1754,Benign
TEST_1755,Benign
TEST_1756,Benign
TEST_1757,Benign
TEST_1758,Benign
TEST_1759,Benign
TEST_1760,Benign
TEST_1761,Benign
TEST_1762,Benign
TEST_1763,Benign
TEST_1764,Benign
TEST_1765,Benign
TEST_1766,Benign
TEST_1767,Benign
TEST_1768,Benign
TEST_1769,Benign
TEST_1770,Benign
TEST_1771,Benign
TEST_1772,Benign
TEST_1773,Benign
TEST_1774,Benign
TEST_1775,Benign
TEST_1776,Benign
TEST_1777,Benign
TEST_1778,Benign
TEST_1779,Benign
TEST_1780,Benign
TEST_1781,Benign
TEST_1782,Benign
TEST_1783,Benign
TEST_1784,Benign
TEST_1785,Benign
TEST_1786,Benign
TEST_1787,Benign
TEST_1788,Benign
TEST_1789,Benign
TEST_1790,Benign
TEST_1791,Benign
TEST_1792,Benign
TEST_1793,Benign
TEST_1794,Benign
TEST_1795,Benign
TEST_1796,Benign
TEST_1797,Benign
TEST_1798,Benign
TEST_1799,Benign
TEST_1800,Benign
TEST_1801,Benign
TEST_1802,Benign
TEST_1803,Benign
TEST_1804,Benign
TEST_1805,Benign
TEST_1806,Benign
TEST_1807,Benign
TEST_1808,Benign
TEST_1809,Benign
TEST_1810,Benign
TEST_1811,Benign
TEST_1812,Benign
TEST_1813,Benign
TEST_1814,Benign
TEST_1815,Benign
TEST_1816,Benign
TEST_1817,Benign
TEST_1818,Benign
TEST_1819,Benign
TEST_1820,Benign
TEST_1821,Benign
TEST_1822,Benign
TEST_1823,Benign
TEST_1824,Benign
TEST_1825,Benign
TEST_1826,Benign
TEST_1827,Benign
TEST_1828,Benign
TEST_1829,Benign
TEST_1830,Benign
TEST_1831,Benign
TEST_1832,Benign
TEST_1833,Benign
TEST_1834,Benign
TEST_1835,Benign
TEST_1836,Benign
TEST_1837,Benign
TEST_1838,Benign
TEST_1839,Benign
TEST_1840,Benign
TEST_1841,Benign
TEST_1842,Benign
TEST_1843,Benign
TEST_1844,Benign
TEST_1845,Benign
TEST_1846,Benign
TEST_1847,Benign
TEST_1848,Benign
TEST_1849,Benign
TEST_1850,Benign
TEST_1851,Benign
TEST_1852,Benign
TEST_1853,Benign
TEST_1854,Benign
TEST_1855,Benign
TEST_1856,Benign
TEST_1857,Benign
TEST_1858,Benign
TEST_1859,Benign
TEST_1860,Benign
TEST_1861,Benign
TEST_1862,Benign
TEST_1863,Benign
TEST_1864,Benign
TEST_1865,Benign
TEST_1866,Benign
TEST_1867,Benign
TEST_1868,Benign
TEST_1869,Benign
TEST_1870,Benign
TEST_1871,Benign
TEST_1872,Benign
TEST_1873,Benign
TEST_1874,Benign
TEST_1875,Benign
TEST_1876,Benign
TEST_1877,Benign
TEST_1878,Benign
TEST_1879,Benign
TEST_1880,Benign
TEST_1881,Benign
TEST_1882,Benign
TEST_1883,Benign
TEST_1884,Benign
TEST_1885,Benign
TEST_1886,Benign
TEST_1887,Benign
TEST_1888,Benign
TEST_1889,Benign
TEST_1890,Benign
TEST_1891,Benign
TEST_1892,Benign
TEST_1893,Benign
TEST_1894,Benign
TEST_1895,Benign
TEST_1896,Benign
TEST_1897,Benign
TEST_1898,Benign
TEST_1899,Benign
TEST_1900,Benign
TEST_1901,Benign
TEST_1902,Benign
TEST_1903,Benign
TEST_1904,Benign
TEST_1905,Benign
TEST_1906,Benign
TEST_1907,Benign
TEST_1908,Benign
TEST_1909,Benign
TEST_1910,Benign
TEST_1911,Benign
TEST_1912,Benign
TEST_1913,Benign
TEST_1914,Benign
TEST_1915,Benign
TEST_1916,Benign
TEST_1917,Benign
TEST_1918,Benign
TEST_1919,Benign
TEST_1920,Benign
TEST_1921,Benign
TEST_1922,Benign
TEST_1923,Benign
TEST_1924,Benign
TEST_1925,Benign
TEST_1926,Benign
TEST_1927,Benign
TEST_1928,Benign
TEST_1929,Benign
TEST_1930,Benign
TEST_1931,Benign
TEST_1932,Benign
TEST_1933,Benign
TEST_1934,Benign
TEST_1935,Benign
TEST_1936,Benign
TEST_1937,Benign
TEST_1938,Benign
TEST_1939,Benign
TEST_1940,Benign
TEST_1941,Benign
TEST_1942,Benign
TEST_1943,Benign
TEST_1944,Benign
TEST_1945,Benign
TEST_1946,Benign
TEST_1947,Benign
TEST_1948,Benign
TEST_1949,Benign
TEST_1950,Benign
TEST_1951,Benign
TEST_1952,Benign
TEST_1953,Benign
TEST_1954,Benign
TEST_1955,Benign
TEST_1956,Benign
TEST_1957,Benign
TEST_1958,Benign
TEST_1959,Benign
TEST_1960,Benign
TEST_1961,Benign
TEST_1962,Benign
TEST_1963,Benign
TEST_1964,Benign
TEST_1965,Benign
TEST_1966,Benign
TEST_1967,Benign
TEST_1968,Benign
TEST_1969,Benign
TEST_1970,Benign
TEST_1971,Benign
TEST_1972,Benign
TEST_1973,Benign
TEST_1974,Benign
TEST_1975,Benign
TEST_1976,Benign
TEST_1977,Benign
TEST_1978,Benign
TEST_1979,Benign
TEST_1980,Benign
TEST_1981,Benign
TEST_1982,Benign
TEST_1983,Benign
TEST_1984,Benign
TEST_1985,Benign
TEST_1986,Benign
TEST_1987,Benign
TEST_1988,Benign
TEST_1989,Benign
TEST_1990,Benign
TEST_1991,Benign
TEST_1992,Benign
TEST_1993,Benign
TEST_1994,Benign
TEST_1995,Benign
TEST_1996,Benign
TEST_1997,Benign
TEST_1998,Benign
TEST_1999,Benign
TEST_2000,Benign
TEST_2001,Benign
TEST_2002,Benign
TEST_2003,Benign
TEST_2004,Benign
TEST_2005,Benign
TEST_2006,Benign
TEST_2007,Benign
TEST_2008,Benign
TEST_2009,Benign
TEST_2010,Benign
TEST_2011,Benign
TEST_2012,Benign
TEST_2013,Benign
TEST_2014,Benign
TEST_2015,Benign
TEST_2016,Benign
TEST_2017,Benign
TEST_2018,Benign
TEST_2019,Benign
TEST_2020,Benign
TEST_2021,Benign
TEST_2022,Benign
TEST_2023,Benign
TEST_2024,Benign
TEST_2025,Benign
TEST_2026,Benign
TEST_2027,Benign
TEST_2028,Benign
TEST_2029,Benign
TEST_2030,Benign
TEST_2031,Benign
TEST_2032,Benign
TEST_2033,Benign
TEST_2034,Benign
TEST_2035,Benign
TEST_2036,Benign
TEST_2037,Benign
TEST_2038,Benign
TEST_2039,Benign
TEST_2040,Benign
TEST_2041,Benign
TEST_2042,Benign
TEST_2043,Benign
TEST_2044,Benign
TEST_2045,Benign
TEST_2046,Benign
TEST_2047,Benign
TEST_2048,Benign
TEST_2049,Benign
TEST_2050,Benign
TEST_2051,Benign
TEST_2052,Benign
TEST_2053,Benign
TEST_2054,Benign
TEST_2055,Benign
TEST_2056,Benign
TEST_2057,Benign
TEST_2058,Benign
TEST_2059,Benign
TEST_2060,Benign
TEST_2061,Benign
TEST_2062,Benign
TEST_2063,Benign
TEST_2064,Benign
TEST_2065,Benign
TEST_2066,Benign
TEST_2067,Benign
TEST_2068,Benign
TEST_2069,Benign
TEST_2070,Benign
TEST_2071,Benign
TEST_2072,Benign
TEST_2073,Benign
TEST_2074,Benign
TEST_2075,Benign
TEST_2076,Benign
TEST_2077,Benign
TEST_2078,Benign
TEST_2079,Benign
TEST_2080,Benign
TEST_2081,Benign
TEST_2082,Benign
TEST_2083,Benign
TEST_2084,Benign
TEST_2085,Benign
TEST_2086,Benign
TEST_2087,Benign
TEST_2088,Benign
TEST_2089,Benign
TEST_2090,Benign
TEST_2091,Benign
TEST_2092,Benign
TEST_2093,Benign
TEST_2094,Benign
TEST_2095,Benign
TEST_2096,Benign
TEST_2097,Benign
TEST_2098,Benign
TEST_2099,Benign
TEST_2100,Benign
TEST_2101,Benign
TEST_2102,Benign
TEST_2103,Benign
TEST_2104,Benign
TEST_2105,Benign
TEST_2106,Benign
TEST_2107,Benign
TEST_2108,Benign
TEST_2109,Benign
TEST_2110,Benign
TEST_2111,Benign
TEST_2112,Benign
TEST_2113,Benign
TEST_2114,Benign
TEST_2115,Benign
TEST_2116,Benign
TEST_2117,Benign
TEST_2118,Benign
TEST_2119,Benign
TEST_2120,Benign
TEST_2121,Benign
TEST_2122,Benign
TEST_2123,Benign
TEST_2124,Benign
TEST_2125,Benign
TEST_2126,Benign
TEST_2127,Benign
TEST_2128,Benign
TEST_2129,Benign
TEST_2130,Benign
TEST_2131,Benign
TEST_2132,Benign
TEST_2133,Benign
TEST_2134,Benign
TEST_2135,Benign
TEST_2136,Benign
TEST_2137,Benign
TEST_2138,Benign
TEST_2139,Benign
TEST_2140,Benign
TEST_2141,Benign
TEST_2142,Benign
TEST_2143,Benign
TEST_2144,Benign
TEST_2145,Benign
TEST_2146,Benign
TEST_2147,Benign
TEST_2148,Benign
TEST_2149,Benign
TEST_2150,Benign
TEST_2151,Benign
TEST_2152,Benign
TEST_2153,Benign
TEST_2154,Benign
TEST_2155,Benign
TEST_2156,Benign
TEST_2157,Benign
TEST_2158,Benign
TEST_2159,Benign
TEST_2160,Benign
TEST_2161,Benign
TEST_2162,Benign
TEST_2163,Benign
TEST_2164,Benign
TEST_2165,Benign
TEST_2166,Benign
TEST_2167,Benign
TEST_2168,Benign
TEST_2169,Benign
TEST_2170,Benign
TEST_2171,Benign
TEST_2172,Benign
TEST_2173,Benign
TEST_2174,Benign
TEST_2175,Benign
TEST_2176,Benign
TEST_2177,Benign
TEST_2178,Benign
TEST_2179,Benign
TEST_2180,Benign
TEST_2181,Benign
TEST_2182,Benign
TEST_2183,Benign
TEST_2184,Benign
TEST_2185,Benign
TEST_2186,Benign
TEST_2187,Benign
TEST_2188,Benign
TEST_2189,Benign
TEST_2190,Benign
TEST_2191,Benign
TEST_2192,Benign
TEST_2193,Benign
TEST_2194,Benign
TEST_2195,Benign
TEST_2196,Benign
TEST_2197,Benign
TEST_2198,Benign
TEST_2199,Benign
TEST_2200,Benign
TEST_2201,Benign
TEST_2202,Benign
TEST_2203,Benign
TEST_2204,Benign
TEST_2205,Benign
TEST_2206,Benign
TEST_2207,Benign
TEST_2208,Benign
TEST_2209,Benign
TEST_2210,Benign
TEST_2211,Benign
TEST_2212,Benign
TEST_2213,Benign
TEST_2214,Benign
TEST_2215,Benign
TEST_2216,Benign
TEST_2217,Benign
TEST_2218,Benign
TEST_2219,Benign
TEST_2220,Benign
TEST_2221,Benign
TEST_2222,Benign
TEST_2223,Benign
TEST_2224,Benign
TEST_2225,Benign
TEST_2226,Benign
TEST_2227,Benign
TEST_2228,Benign
TEST_2229,Benign
TEST_2230,Benign
TEST_2231,Benign
TEST_2232,Benign
TEST_2233,Benign
TEST_2234,Benign
TEST_2235,Benign
TEST_2236,Benign
TEST_2237,Benign
TEST_2238,Benign
TEST_2239,Benign
TEST_2240,Benign
TEST_2241,Benign
TEST_2242,Benign
TEST_2243,Benign
TEST_2244,Benign
TEST_2245,Benign
TEST_2246,Benign
TEST_2247,Benign
TEST_2248,Benign
TEST_2249,Benign
TEST_2250,Benign
TEST_2251,Benign
TEST_2252,Benign
TEST_2253,Benign
TEST_2254,Benign
TEST_2255,Benign
TEST_2256,Benign
TEST_2257,Benign
TEST_2258,Benign
TEST_2259,Benign
TEST_2260,Benign
TEST_2261,Benign
TEST_2262,Benign
TEST_2263,Benign
TEST_2264,Benign
TEST_2265,Benign
TEST_2266,Benign
TEST_2267,Benign
TEST_2268,Benign
TEST_2269,Benign
TEST_2270,Benign
TEST_2271,Benign
TEST_2272,Benign
TEST_2273,Benign
TEST_2274,Benign
TEST_2275,Benign
TEST_2276,Benign
TEST_2277,Benign
TEST_2278,Benign
TEST_2279,Benign
TEST_2280,Benign
TEST_2281,Benign
TEST_2282,Benign
TEST_2283,Benign
TEST_2284,Benign
TEST_2285,Benign
TEST_2286,Benign
TEST_2287,Benign
TEST_2288,Benign
TEST_2289,Benign
TEST_2290,Benign
TEST_2291,Benign
TEST_2292,Benign
TEST_2293,Benign
TEST_2294,Benign
TEST_2295,Benign
TEST_2296,Benign
TEST_2297,Benign
TEST_2298,Benign
TEST_2299,Benign
TEST_2300,Benign
TEST_2301,Benign
TEST_2302,Benign
TEST_2303,Benign
TEST_2304,Benign
TEST_2305,Benign
TEST_2306,Benign
TEST_2307,Benign
TEST_2308,Benign
TEST_2309,Benign
TEST_2310,Benign
TEST_2311,Benign
TEST_2312,Benign
TEST_2313,Benign
TEST_2314,Benign
TEST_2315,Benign
TEST_2316,Benign
TEST_2317,Benign
TEST_2318,Benign
TEST_2319,Benign
TEST_2320,Benign
TEST_2321,Benign
TEST_2322,Benign
TEST_2323,Benign
TEST_2324,Benign
TEST_2325,Benign
TEST_2326,Benign
TEST_2327,Benign
TEST_2328,Benign
TEST_2329,Benign
TEST_2330,Benign
TEST_2331,Benign
TEST_2332,Benign
TEST_2333,Benign
TEST_2334,Benign
TEST_2335,Benign
TEST_2336,Benign
TEST_2337,Benign
TEST_2338,Benign
TEST_2339,Benign
TEST_2340,Benign
TEST_2341,Benign
TEST_2342,Benign
TEST_2343,Benign
TEST_2344,Benign
TEST_2345,Benign
TEST_2346,Benign
TEST_2347,Benign
TEST_2348,Benign
TEST_2349,Benign
TEST_2350,Benign
TEST_2351,Benign
TEST_2352,Benign
TEST_2353,Benign
TEST_2354,Benign
TEST_2355,Benign
TEST_2356,Benign
TEST_2357,Benign
TEST_2358,Benign
TEST_2359,Benign
TEST_2360,Benign
TEST_2361,Benign
TEST_2362,Benign
TEST_2363,Benign
TEST_2364,Benign
TEST_2365,Benign
TEST_2366,Benign
TEST_2367,Benign
TEST_2368,Benign
TEST_2369,Benign
TEST_2370,Benign
TEST_2371,Benign
TEST_2372,Benign
TEST_2373,Benign
TEST_2374,Benign
TEST_2375,Benign
TEST_2376,Benign
TEST_2377,Benign
TEST_2378,Benign
TEST_2379,Benign
TEST_2380,Benign
TEST_2381,Benign
TEST_2382,Benign
TEST_2383,Benign
TEST_2384,Benign
TEST_2385,Benign
TEST_2386,Benign
TEST_2387,Benign
TEST_2388,Benign
TEST_2389,Benign
TEST_2390,Benign
TEST_2391,Benign
TEST_2392,Benign
TEST_2393,Benign
TEST_2394,Benign
TEST_2395,Benign
TEST_2396,Benign
TEST_2397,Benign
TEST_2398,Benign
TEST_2399,Benign
TEST_2400,Benign
TEST_2401,Benign
TEST_2402,Benign
TEST_2403,Benign
TEST_2404,Benign
TEST_2405,Benign
TEST_2406,Benign
TEST_2407,Benign
TEST_2408,Benign
TEST_2409,Benign
TEST_2410,Benign
TEST_2411,Benign
TEST_2412,Benign
TEST_2413,Benign
TEST_2414,Benign
TEST_2415,Benign
TEST_2416,Benign
TEST_2417,Benign
TEST_2418,Benign
TEST_2419,Benign
TEST_2420,Benign
TEST_2421,Benign
TEST_2422,Benign
TEST_2423,Benign
TEST_2424,Benign
TEST_2425,Benign
TEST_2426,Benign
TEST_2427,Benign
TEST_2428,Benign
TEST_2429,Benign
TEST_2430,Benign
TEST_2431,Benign
TEST_2432,Benign
TEST_2433,Benign
TEST_2434,Benign
TEST_2435,Benign
TEST_2436,Benign
TEST_2437,Benign
TEST_2438,Benign
TEST_2439,Benign
TEST_2440,Benign
TEST_2441,Benign
TEST_2442,Benign
TEST_2443,Benign
TEST_2444,Benign
TEST_2445,Benign
TEST_2446,Benign
TEST_2447,Benign
TEST_2448,Benign
TEST_2449,Benign
TEST_2450,Benign
TEST_2451,Benign
TEST_2452,Benign
TEST_2453,Benign
TEST_2454,Benign
TEST_2455,Benign
TEST_2456,Benign
TEST_2457,Benign
TEST_2458,Benign
TEST_2459,Benign
TEST_2460,Benign
TEST_2461,Benign
TEST_2462,Benign
TEST_2463,Benign
TEST_2464,Benign
TEST_2465,Benign
TEST_2466,Benign
TEST_2467,Benign
TEST_2468,Benign
TEST_2469,Benign
TEST_2470,Benign
TEST_2471,Benign
TEST_2472,Benign
TEST_2473,Benign
TEST_2474,Benign
TEST_2475,Benign
TEST_2476,Benign
TEST_2477,Benign
TEST_2478,Benign
TEST_2479,Benign
TEST_2480,Benign
TEST_2481,Benign
TEST_2482,Benign
TEST_2483,Benign
TEST_2484,Benign
TEST_2485,Benign
TEST_2486,Benign
TEST_2487,Benign
TEST_2488,Benign
TEST_2489,Benign
TEST_2490,Benign
TEST_2491,Benign
TEST_2492,Benign
TEST_2493,Benign
TEST_2494,Benign
TEST_2495,Benign
TEST_2496,Benign
TEST_2497,Benign
TEST_2498,Benign
TEST_2499,Benign
TEST_2500,Benign
TEST_2501,Benign
TEST_2502,Benign
TEST_2503,Benign
TEST_2504,Benign
TEST_2505,Benign
TEST_2506,Benign
TEST_2507,Benign
TEST_2508,Benign
TEST_2509,Benign
TEST_2510,Benign
TEST_2511,Benign
TEST_2512,Benign
TEST_2513,Benign
TEST_2514,Benign
TEST_2515,Benign
TEST_2516,Benign
TEST_2517,Benign
TEST_2518,Benign
TEST_2519,Benign
TEST_2520,Benign
TEST_2521,Benign
TEST_2522,Benign
TEST_2523,Benign
TEST_2524,Benign
TEST_2525,Benign
TEST_2526,Benign
TEST_2527,Benign
TEST_2528,Benign
TEST_2529,Benign
TEST_2530,Benign
TEST_2531,Benign
TEST_2532,Benign
TEST_2533,Benign
TEST_2534,Benign
TEST_2535,Benign
TEST_2536,Benign
TEST_2537,Benign
TEST_2538,Benign
TEST_2539,Benign
TEST_2540,Benign
TEST_2541,Benign
TEST_2542,Benign
TEST_2543,Benign
TEST_2544,Benign
TEST_2545,Benign
TEST_2546,Benign
TEST_2547,Benign
TEST_2548,Benign
TEST_2549,Benign
TEST_2550,Benign
TEST_2551,Benign
TEST_2552,Benign
TEST_2553,Benign
TEST_2554,Benign
TEST_2555,Benign
TEST_2556,Benign
TEST_2557,Benign
TEST_2558,Benign
TEST_2559,Benign
TEST_2560,Benign
TEST_2561,Benign
TEST_2562,Benign
TEST_2563,Benign
TEST_2564,Benign
TEST_2565,Benign
TEST_2566,Benign
TEST_2567,Benign
TEST_2568,Benign
TEST_2569,Benign
TEST_2570,Benign
TEST_2571,Benign
TEST_2572,Benign
TEST_2573,Benign
TEST_2574,Benign
TEST_2575,Benign
TEST_2576,Benign
TEST_2577,Benign
TEST_2578,Benign
TEST_2579,Benign
TEST_2580,Benign
TEST_2581,Benign
TEST_2582,Benign
TEST_2583,Benign
TEST_2584,Benign
TEST_2585,Benign
TEST_2586,Benign
TEST_2587,Benign
TEST_2588,Benign
TEST_2589,Benign
TEST_2590,Benign
TEST_2591,Benign
TEST_2592,Benign
TEST_2593,Benign
TEST_2594,Benign
TEST_2595,Benign
TEST_2596,Benign
TEST_2597,Benign
TEST_2598,Benign
TEST_2599,Benign
TEST_2600,Benign
TEST_2601,Benign
TEST_2602,Benign
TEST_2603,Benign
TEST_2604,Benign
TEST_2605,Benign
TEST_2606,Benign
TEST_2607,Benign
TEST_2608,Benign
TEST_2609,Benign
TEST_2610,Benign
TEST_2611,Benign
TEST_2612,Benign
TEST_2613,Benign
TEST_2614,Benign
TEST_2615,Benign
TEST_2616,Benign
TEST_2617,Benign
TEST_2618,Benign
TEST_2619,Benign
TEST_2620,Benign
TEST_2621,Benign
TEST_2622,Benign
TEST_2623,Benign
TEST_2624,Benign
TEST_2625,Benign
TEST_2626,Benign
TEST_2627,Benign
TEST_2628,Benign
TEST_2629,Benign
TEST_2630,Benign
TEST_2631,Benign
TEST_2632,Benign
TEST_2633,Benign
TEST_2634,Benign
TEST_2635,Benign
TEST_2636,Benign
TEST_2637,Benign
TEST_2638,Benign
TEST_2639,Benign
TEST_2640,Benign
TEST_2641,Benign
TEST_2642,Benign
TEST_2643,Benign
TEST_2644,Benign
TEST_2645,Benign
TEST_2646,Benign
TEST_2647,Benign
TEST_2648,Benign
TEST_2649,Benign
TEST_2650,Benign
TEST_2651,Benign
TEST_2652,Benign
TEST_2653,Benign
TEST_2654,Benign
TEST_2655,Benign
TEST_2656,Benign
TEST_2657,Benign
TEST_2658,Benign
TEST_2659,Benign
TEST_2660,Benign
TEST_2661,Benign
TEST_2662,Benign
TEST_2663,Benign
TEST_2664,Benign
TEST_2665,Benign
TEST_2666,Benign
TEST_2667,Benign
TEST_2668,Benign
TEST_2669,Benign
TEST_2670,Benign
TEST_2671,Benign
TEST_2672,Benign
TEST_2673,Benign
TEST_2674,Benign
TEST_2675,Benign
TEST_2676,Benign
TEST_2677,Benign
TEST_2678,Benign
TEST_2679,Benign
TEST_2680,Benign
TEST_2681,Benign
TEST_2682,Benign
TEST_2683,Benign
TEST_2684,Benign
TEST_2685,Benign
TEST_2686,Benign
TEST_2687,Benign
TEST_2688,Benign
TEST_2689,Benign
TEST_2690,Benign
TEST_2691,Benign
TEST_2692,Benign
TEST_2693,Benign
TEST_2694,Benign
TEST_2695,Benign
TEST_2696,Benign
TEST_2697,Benign
TEST_2698,Benign
TEST_2699,Benign
TEST_2700,Benign
TEST_2701,Benign
TEST_2702,Benign
TEST_2703,Benign
TEST_2704,Benign
TEST_2705,Benign
TEST_2706,Benign
TEST_2707,Benign
TEST_2708,Benign
TEST_2709,Benign
TEST_2710,Benign
TEST_2711,Benign
TEST_2712,Benign
TEST_2713,Benign
TEST_2714,Benign
TEST_2715,Benign
TEST_2716,Benign
TEST_2717,Benign
TEST_2718,Benign
TEST_2719,Benign
TEST_2720,Benign
TEST_2721,Benign
TEST_2722,Benign
TEST_2723,Benign
TEST_2724,Benign
TEST_2725,Benign
TEST_2726,Benign
TEST_2727,Benign
TEST_2728,Benign
TEST_2729,Benign
TEST_2730,Benign
TEST_2731,Benign
TEST_2732,Benign
TEST_2733,Benign
TEST_2734,Benign
TEST_2735,Benign
TEST_2736,Benign
TEST_2737,Benign
TEST_2738,Benign
TEST_2739,Benign
TEST_2740,Benign
TEST_2741,Benign
TEST_2742,Benign
TEST_2743,Benign
TEST_2744,Benign
TEST_2745,Benign
TEST_2746,Benign
TEST_2747,Benign
TEST_2748,Benign
TEST_2749,Benign
TEST_2750,Benign
TEST_2751,Benign
TEST_2752,Benign
TEST_2753,Benign
TEST_2754,Benign
TEST_2755,Benign
TEST_2756,Benign
TEST_2757,Benign
TEST_2758,Benign
TEST_2759,Benign
TEST_2760,Benign
TEST_2761,Benign
TEST_2762,Benign
TEST_2763,Benign
TEST_2764,Benign
TEST_2765,Benign
TEST_2766,Benign
TEST_2767,Benign
TEST_2768,Benign
TEST_2769,Benign
TEST_2770,Benign
TEST_2771,Benign
TEST_2772,Benign
TEST_2773,Benign
TEST_2774,Benign
TEST_2775,Benign
TEST_2776,Benign
TEST_2777,Benign
TEST_2778,Benign
TEST_2779,Benign
TEST_2780,Benign
TEST_2781,Benign
TEST_2782,Benign
TEST_2783,Benign
TEST_2784,Benign
TEST_2785,Benign
TEST_2786,Benign
TEST_2787,Benign
TEST_2788,Benign
TEST_2789,Benign
TEST_2790,Benign
TEST_2791,Benign
TEST_2792,Benign
TEST_2793,Benign
TEST_2794,Benign
TEST_2795,Benign
TEST_2796,Benign
TEST_2797,Benign
TEST_2798,Benign
TEST_2799,Benign
TEST_2800,Benign
TEST_2801,Benign
TEST_2802,Benign
TEST_2803,Benign
TEST_2804,Benign
TEST_2805,Benign
TEST_2806,Benign
TEST_2807,Benign
TEST_2808,Benign
TEST_2809,Benign
TEST_2810,Benign
TEST_2811,Benign
TEST_2812,Benign
TEST_2813,Benign
TEST_2814,Benign
TEST_2815,Benign
TEST_2816,Benign
TEST_2817,Benign
TEST_2818,Benign
TEST_2819,Benign
TEST_2820,Benign
TEST_2821,Benign
TEST_2822,Benign
TEST_2823,Benign
TEST_2824,Benign
TEST_2825,Benign
TEST_2826,Benign
TEST_2827,Benign
TEST_2828,Benign
TEST_2829,Benign
TEST_2830,Benign
TEST_2831,Benign
TEST_2832,Benign
TEST_2833,Benign
TEST_2834,Benign
TEST_2835,Benign
TEST_2836,Benign
TEST_2837,Benign
TEST_2838,Benign
TEST_2839,Benign
TEST_2840,Benign
TEST_2841,Benign
TEST_2842,Benign
TEST_2843,Benign
TEST_2844,Benign
TEST_2845,Benign
TEST_2846,Benign
TEST_2847,Benign
TEST_2848,Benign
TEST_2849,Benign
TEST_2850,Benign
TEST_2851,Benign
TEST_2852,Benign
TEST_2853,Benign
TEST_2854,Benign
TEST_2855,Benign
TEST_2856,Benign
TEST_2857,Benign
TEST_2858,Benign
TEST_2859,Benign
TEST_2860,Benign
TEST_2861,Benign
TEST_2862,Benign
TEST_2863,Benign
TEST_2864,Benign
TEST_2865,Benign
TEST_2866,Benign
TEST_2867,Benign
TEST_2868,Benign
TEST_2869,Benign
TEST_2870,Benign
TEST_2871,Benign
TEST_2872,Benign
TEST_2873,Benign
TEST_2874,Benign
TEST_2875,Benign
TEST_2876,Benign
TEST_2877,Benign
TEST_2878,Benign
TEST_2879,Benign
TEST_2880,Benign
TEST_2881,Benign
TEST_2882,Benign
TEST_2883,Benign
TEST_2884,Benign
TEST_2885,Benign
TEST_2886,Benign
TEST_2887,Benign
TEST_2888,Benign
TEST_2889,Benign
TEST_2890,Benign
TEST_2891,Benign
TEST_2892,Benign
TEST_2893,Benign
TEST_2894,Benign
TEST_2895,Benign
TEST_2896,Benign
TEST_2897,Benign
TEST_2898,Benign
TEST_2899,Benign
TEST_2900,Benign
TEST_2901,Benign
TEST_2902,Benign
TEST_2903,Benign
TEST_2904,Benign
TEST_2905,Benign
TEST_2906,Benign
TEST_2907,Benign
TEST_2908,Benign
TEST_2909,Benign
TEST_2910,Benign
TEST_2911,Benign
TEST_2912,Benign
TEST_2913,Benign
TEST_2914,Benign
TEST_2915,Benign
TEST_2916,Benign
TEST_2917,Benign
TEST_2918,Benign
TEST_2919,Benign
TEST_2920,Benign
TEST_2921,Benign
TEST_2922,Benign
TEST_2923,Benign
TEST_2924,Benign
TEST_2925,Benign
TEST_2926,Benign
TEST_2927,Benign
TEST_2928,Benign
TEST_2929,Benign
TEST_2930,Benign
TEST_2931,Benign
TEST_2932,Benign
TEST_2933,Benign
TEST_2934,Benign
TEST_2935,Benign
TEST_2936,Benign
TEST_2937,Benign
TEST_2938,Benign
TEST_2939,Benign
TEST_2940,Benign
TEST_2941,Benign
TEST_2942,Benign
TEST_2943,Benign
TEST_2944,Benign
TEST_2945,Benign
TEST_2946,Benign
TEST_2947,Benign
TEST_2948,Benign
TEST_2949,Benign
TEST_2950,Benign
TEST_2951,Benign
TEST_2952,Benign
TEST_2953,Benign
TEST_2954,Benign
TEST_2955,Benign
TEST_2956,Benign
TEST_2957,Benign
TEST_2958,Benign
TEST_2959,Benign
TEST_2960,Benign
TEST_2961,Benign
TEST_2962,Benign
TEST_2963,Benign
TEST_2964,Benign
TEST_2965,Benign
TEST_2966,Benign
TEST_2967,Benign
TEST_2968,Benign
TEST_2969,Benign
TEST_2970,Benign
TEST_2971,Benign
TEST_2972,Benign
TEST_2973,Benign
TEST_2974,Benign
TEST_2975,Benign
TEST_2976,Benign
TEST_2977,Benign
TEST_2978,Benign
TEST_2979,Benign
TEST_2980,Benign
TEST_2981,Benign
TEST_2982,Benign
TEST_2983,Benign
TEST_2984,Benign
TEST_2985,Benign
TEST_2986,Benign
TEST_2987,Benign
TEST_2988,Benign
TEST_2989,Benign
TEST_2990,Benign
TEST_2991,Benign
TEST_2992,Benign
TEST_2993,Benign
TEST_2994,Benign
TEST_2995,Benign
TEST_2996,Benign
TEST_2997,Benign
TEST_2998,Benign
TEST_2999,Benign
